epoch,lr,t_l,v_3d,walking3d80,walking3d160,walking3d320,walking3d400,eating3d80,eating3d160,eating3d320,eating3d400,smoking3d80,smoking3d160,smoking3d320,smoking3d400,discussion3d80,discussion3d160,discussion3d320,discussion3d400,directions3d80,directions3d160,directions3d320,directions3d400,greeting3d80,greeting3d160,greeting3d320,greeting3d400,phoning3d80,phoning3d160,phoning3d320,phoning3d400,posing3d80,posing3d160,posing3d320,posing3d400,purchases3d80,purchases3d160,purchases3d320,purchases3d400,sitting3d80,sitting3d160,sitting3d320,sitting3d400,sittingdown3d80,sittingdown3d160,sittingdown3d320,sittingdown3d400,takingphoto3d80,takingphoto3d160,takingphoto3d320,takingphoto3d400,waiting3d80,waiting3d160,waiting3d320,waiting3d400,walkingdog3d80,walkingdog3d160,walkingdog3d320,walkingdog3d400,walkingtogether3d80,walkingtogether3d160,walkingtogether3d320,walkingtogether3d400
1.0,0.0005,79.02070162693518,61.259134941207925,46.542816162109375,46.76286697387695,46.151554107666016,46.12847900390625,53.06551742553711,54.63768005371094,56.51001739501953,55.70705795288086,72.96542358398438,72.81655883789062,74.95248413085938,76.48245239257812,62.695186614990234,61.174591064453125,57.855567932128906,56.0172119140625,78.69607543945312,80.12332153320312,77.79222106933594,76.34034729003906,60.142494201660156,58.676963806152344,57.867576599121094,55.81651306152344,70.96957397460938,70.42264556884766,69.510986328125,71.55779266357422,88.04804229736328,87.70237731933594,90.22722625732422,91.21269989013672,42.91667938232422,45.749542236328125,48.946983337402344,44.832332611083984,89.71533203125,89.4521255493164,87.59133911132812,86.43989562988281,95.76887512207031,94.5086669921875,92.23011779785156,91.32975769042969,76.28926086425781,76.59571838378906,75.94734954833984,75.0512466430664,59.168052673339844,56.91438293457031,65.912109375,69.08534240722656,84.11031341552734,87.67337036132812,78.77851104736328,79.10587310791016,75.89930725097656,75.73368072509766,74.50598907470703,72.8562240600586
2.0,0.00048,64.29162028411118,59.19132493390423,47.909454345703125,47.51655578613281,47.94806671142578,47.350135803222656,50.9345588684082,51.46803283691406,50.19000244140625,49.128387451171875,71.18241882324219,70.95652770996094,72.13333129882812,73.28470611572266,62.82038879394531,60.89023971557617,56.00149154663086,52.86388397216797,88.11583709716797,90.1103286743164,88.11375427246094,86.9298095703125,73.07847595214844,70.687744140625,66.83912658691406,61.84182357788086,70.64857482910156,70.54009246826172,68.47029113769531,68.66545104980469,93.67543029785156,92.43441009521484,88.50407409667969,88.5303955078125,44.14955139160156,46.3302116394043,48.86564254760742,45.923851013183594,85.53196716308594,85.41424560546875,84.85877990722656,85.13529968261719,100.19654846191406,98.11912536621094,94.97978973388672,93.71285247802734,73.62225341796875,73.29004669189453,71.37432098388672,69.58099365234375,59.707733154296875,56.076446533203125,60.80835723876953,63.18602752685547,81.92942810058594,84.41403198242188,74.28065490722656,73.70621490478516,76.59033203125,76.03487396240234,72.5723876953125,69.00615692138672
3.0,0.00048,62.24189682265017,60.43330095862808,44.06428527832031,45.702720642089844,49.66668701171875,50.44914627075195,44.00706100463867,44.19295120239258,44.589717864990234,44.18285369873047,73.02912139892578,72.67338562011719,74.82377624511719,76.88990783691406,59.84967041015625,59.75117874145508,57.02861022949219,54.332115173339844,81.05272674560547,83.58210754394531,85.11510467529297,84.9312973022461,65.59074401855469,63.97068405151367,65.04241943359375,61.62406539916992,66.14898681640625,65.56593322753906,63.23549270629883,63.773956298828125,88.0301513671875,87.21455383300781,86.08169555664062,86.89799499511719,43.03404235839844,45.47258758544922,47.32502365112305,44.6727180480957,80.46016693115234,81.80860900878906,82.88436126708984,83.17935180664062,94.24214172363281,93.5897216796875,92.54405212402344,91.83909606933594,72.17420959472656,72.39622497558594,71.19004821777344,69.99230194091797,57.04228973388672,54.558692932128906,59.99085998535156,62.81605529785156,83.82141876220703,85.56263732910156,71.08145141601562,70.1366195678711,72.6277847290039,72.6410140991211,69.32395935058594,65.73463439941406
4.0,0.0004608,61.09689162157458,61.39871362851781,47.91352462768555,50.577484130859375,54.82563018798828,54.95289611816406,47.46957015991211,48.94639587402344,49.52513122558594,48.31743621826172,71.4723892211914,71.17646789550781,72.35443115234375,74.04769897460938,68.95692443847656,68.61468505859375,64.6053237915039,61.89628601074219,85.14746856689453,88.07553100585938,89.39453125,89.01348876953125,71.18700408935547,69.4494857788086,67.93495178222656,65.57817840576172,64.12948608398438,63.97119140625,61.717193603515625,62.28057098388672,88.6732177734375,87.46719360351562,84.37538146972656,85.60067749023438,46.56293487548828,50.156089782714844,53.30347442626953,50.366085052490234,81.53353881835938,82.45721435546875,83.11297607421875,83.24510192871094,98.64031982421875,96.70038604736328,95.51396179199219,95.00949096679688,70.40257263183594,70.60955810546875,68.80442810058594,67.35184478759766,59.36907196044922,57.930702209472656,63.97810745239258,66.31474304199219,85.96711730957031,87.729736328125,74.21678924560547,72.93521118164062,71.07279205322266,71.53304290771484,69.58427429199219,66.4818115234375
5.0,0.0004608,60.44083754909767,59.23076766839549,42.519561767578125,43.41297149658203,46.93292236328125,47.44664764404297,42.28961944580078,42.500732421875,44.21792984008789,44.944053649902344,77.33830261230469,77.44624328613281,79.50096130371094,81.28404235839844,60.747676849365234,60.200889587402344,57.413063049316406,55.17950439453125,80.86851501464844,83.8508071899414,84.04754638671875,83.85504150390625,68.04829406738281,66.60752868652344,65.01498413085938,61.06605911254883,62.22453308105469,62.10627746582031,59.52935028076172,61.11035919189453,90.55244445800781,89.01654052734375,82.68689727783203,83.12657165527344,46.29301452636719,49.026832580566406,51.60395050048828,49.203392028808594,84.641845703125,84.89225006103516,85.15007781982422,85.31239318847656,100.9542236328125,99.27590942382812,98.566162109375,97.67070007324219,71.70255279541016,71.74774169921875,70.80728149414062,70.09591674804688,57.16161346435547,55.03199005126953,61.63137435913086,64.29889678955078,80.14054107666016,82.37910461425781,71.57337951660156,72.15489196777344,68.68028259277344,69.00691223144531,67.70303344726562,65.12360382080078
6.0,0.00044236799999999995,59.82292603865033,59.52060637487417,48.10289764404297,49.84758758544922,53.55851745605469,53.18891906738281,54.073875427246094,54.4114990234375,55.48167419433594,54.13093948364258,80.87519073486328,81.30398559570312,83.97207641601562,85.58805847167969,75.00563049316406,74.61302185058594,71.04976654052734,68.48979187011719,87.54093170166016,89.5698013305664,88.91932678222656,87.52896881103516,71.85310363769531,69.15222930908203,65.3590087890625,62.36735534667969,66.44779968261719,66.05491638183594,65.1775894165039,66.783203125,87.09001159667969,86.02720642089844,82.40817260742188,83.55512237548828,49.79576873779297,52.459716796875,55.03589630126953,52.04154586791992,86.41220092773438,86.74725341796875,87.2144775390625,87.46073913574219,100.33077239990234,98.35067749023438,97.019287109375,96.62669372558594,76.31715393066406,75.92584991455078,73.84182739257812,72.49613189697266,63.94427490234375,63.72845458984375,72.96854400634766,75.76875305175781,86.62230682373047,87.92437744140625,74.28799438476562,72.31011962890625,82.04991912841797,81.78005981445312,78.99120330810547,75.736572265625
7.0,0.00044236799999999995,59.366840690505626,58.30332908950934,42.74866485595703,43.38774108886719,45.89080810546875,46.44856262207031,43.17375946044922,42.17607116699219,42.17705535888672,42.75673294067383,82.71151733398438,82.46968078613281,82.36955261230469,83.98710632324219,64.80735778808594,63.5238151550293,59.066009521484375,56.076805114746094,77.52288818359375,79.98851013183594,78.673583984375,77.55598449707031,65.74307250976562,63.026512145996094,61.52714920043945,58.73411178588867,57.981300354003906,57.246315002441406,54.52366638183594,56.66875457763672,90.83831787109375,89.43128967285156,85.06809997558594,86.47056579589844,44.49974822998047,48.316986083984375,51.56889724731445,48.314823150634766,81.40644836425781,82.01077270507812,82.59688568115234,82.85675048828125,95.32222747802734,93.85426330566406,91.30693817138672,89.80583953857422,72.3402099609375,71.89944458007812,69.84858703613281,68.61555480957031,56.07044982910156,54.69438934326172,64.84563446044922,68.95542907714844,80.63410949707031,82.13565063476562,71.65935516357422,73.6909408569336,77.49903869628906,76.2452621459961,73.41566467285156,71.24932861328125
8.0,0.00042467327999999994,59.00911003644679,57.765037983271924,43.60375213623047,45.77593994140625,49.35524368286133,49.050559997558594,43.95513916015625,44.7581787109375,45.63811492919922,45.994529724121094,82.64393615722656,83.02854919433594,85.7926025390625,87.53965759277344,65.21258544921875,65.74201965332031,62.565391540527344,58.702518463134766,85.13949584960938,88.08916473388672,88.43595886230469,87.76054382324219,69.563232421875,68.6972427368164,67.24701690673828,64.14932250976562,58.34422302246094,57.78477478027344,55.520591735839844,57.08415603637695,88.89559173583984,86.99769592285156,79.13082122802734,80.33777618408203,49.66352081298828,53.32746505737305,55.08985900878906,51.97400665283203,78.26795196533203,79.33599853515625,82.18903350830078,83.5985107421875,95.67630004882812,94.6925048828125,95.6234130859375,94.88092803955078,72.924560546875,73.35760498046875,72.53147888183594,71.71379089355469,54.51512908935547,53.0372314453125,60.635009765625,62.934635162353516,80.02011108398438,82.72604370117188,69.8712387084961,69.19615173339844,72.67140197753906,73.15318298339844,71.5037612915039,68.93802642822266
9.0,0.00042467327999999994,58.7122704052749,56.87147256546662,39.28742599487305,40.781036376953125,42.08686828613281,41.80083084106445,43.998233795166016,44.084930419921875,44.13316345214844,45.22459030151367,83.29493713378906,83.53816986083984,84.29939270019531,86.15994262695312,63.23081588745117,62.78739547729492,58.86640167236328,55.76153564453125,82.11682891845703,84.8367691040039,85.82846069335938,85.1978530883789,66.90150451660156,64.75123596191406,63.936492919921875,62.357906341552734,59.3448486328125,59.13086700439453,57.35619354248047,59.217010498046875,84.33805847167969,82.56895446777344,75.96783447265625,77.13772583007812,44.47526168823242,47.68840789794922,51.4384651184082,49.52360153198242,84.07825469970703,83.2379150390625,82.89933013916016,83.43208312988281,93.36173248291016,91.7657470703125,89.68446350097656,88.8592300415039,68.34132385253906,68.33786010742188,67.59347534179688,67.09537506103516,53.50389099121094,52.11214828491211,62.301063537597656,65.38146209716797,72.84532165527344,75.62300109863281,67.22866821289062,68.02261352539062,69.01521301269531,70.01036834716797,68.47850036621094,65.96355438232422
10.0,0.00040768634879999994,58.418884827683506,59.14924392486487,41.5657958984375,42.62748336791992,43.787353515625,43.29728698730469,46.976402282714844,48.19053268432617,47.25511169433594,46.11308288574219,77.79862976074219,77.94860076904297,80.41789245605469,82.65801239013672,64.11683654785156,63.08567810058594,58.47142791748047,54.62457275390625,89.39165496826172,92.4330825805664,91.18574523925781,90.70838928222656,71.64869689941406,70.19601440429688,68.05917358398438,63.7042350769043,58.53759002685547,58.24860382080078,55.17668151855469,56.18142318725586,88.74414825439453,87.0445556640625,79.54838562011719,80.2162094116211,51.23539352416992,55.6932373046875,57.2315788269043,53.99039077758789,82.18351745605469,82.3199462890625,83.20695495605469,84.26223754882812,94.61434936523438,93.8050308227539,92.96968078613281,92.38882446289062,72.12286376953125,72.21170806884766,70.98402404785156,70.02123260498047,53.683021545410156,52.010955810546875,59.67549133300781,62.111541748046875,77.94254302978516,82.83149719238281,71.11241149902344,70.63744354248047,65.52444458007812,65.99115753173828,64.947509765625,62.99510192871094
11.0,0.00040768634879999994,58.24368202226085,57.64677447578153,43.52938461303711,44.135982513427734,46.5265998840332,46.161258697509766,41.77006912231445,41.574066162109375,41.200843811035156,41.546852111816406,84.33613586425781,84.13639831542969,84.2461929321289,85.78244018554688,63.88347625732422,63.085479736328125,58.74680709838867,54.881961822509766,78.41936492919922,81.05070495605469,80.71847534179688,80.25202941894531,65.56217193603516,63.24050521850586,62.78156661987305,59.036006927490234,55.493896484375,54.9614372253418,52.395057678222656,55.06509780883789,87.322509765625,85.67744445800781,81.33968353271484,83.07533264160156,46.93602752685547,51.02961349487305,54.94196319580078,52.23065948486328,82.29322814941406,81.83428192138672,80.77232360839844,80.89022064208984,94.67240905761719,93.1158218383789,91.55302429199219,90.07376861572266,68.72537231445312,68.24948120117188,66.59789276123047,66.05391693115234,55.282894134521484,53.02888107299805,60.260318756103516,62.97125244140625,77.19538116455078,79.07897186279297,68.46279907226562,69.72489929199219,70.49966430664062,69.80233001708984,67.47318267822266,65.04373931884766
12.0,0.0003913788948479999,58.020987426798484,56.985755762265846,44.486541748046875,45.76801681518555,48.62431335449219,48.077850341796875,42.67203140258789,44.100860595703125,46.80065155029297,47.061832427978516,83.26216125488281,83.47201538085938,85.19984436035156,86.85629272460938,62.64044952392578,62.20669174194336,58.108909606933594,55.15800857543945,81.42593383789062,84.3077392578125,84.8299560546875,84.26580810546875,65.65996551513672,63.76566696166992,62.04452896118164,57.96627426147461,59.87767791748047,59.56544494628906,57.19091796875,58.97228240966797,85.87262725830078,84.11781311035156,78.34590911865234,79.69683074951172,45.890098571777344,49.488468170166016,52.86944580078125,50.79646301269531,82.87056732177734,82.11990356445312,82.8145523071289,84.51981353759766,92.74610900878906,92.20005798339844,91.71490478515625,91.12199401855469,74.80552673339844,75.37123107910156,74.58826446533203,73.49566650390625,56.7418327331543,55.17576217651367,63.78369140625,65.89076232910156,74.16240692138672,78.44793701171875,69.79623413085938,69.70487976074219,75.42798614501953,75.501708984375,73.33989715576172,70.00341796875
13.0,0.0003913788948479999,57.857673922658236,58.90287470456933,45.73710250854492,45.602970123291016,47.486732482910156,47.396156311035156,47.973960876464844,48.16446304321289,47.26654052734375,47.09005355834961,89.83039855957031,89.9702377319336,91.49364471435547,93.11498260498047,67.08158874511719,65.41339111328125,60.54132080078125,56.88694763183594,85.64376068115234,88.32844543457031,86.9841537475586,86.4489517211914,73.57595825195312,70.66157531738281,67.51837921142578,62.39054870605469,61.676429748535156,60.330726623535156,57.13850021362305,58.89433288574219,88.01046752929688,86.95835876464844,80.7821044921875,81.4090805053711,54.50757598876953,57.27060317993164,58.060123443603516,54.87322998046875,84.25637817382812,83.57538604736328,84.37287902832031,85.75816345214844,95.19900512695312,93.62496948242188,93.54975891113281,92.4556884765625,77.46784973144531,77.096435546875,75.58170318603516,74.66321563720703,56.36282730102539,54.565406799316406,61.7488899230957,64.4348373413086,79.94894409179688,82.63805389404297,70.53015899658203,69.99667358398438,72.41152954101562,71.50801086425781,69.1137924194336,66.55157470703125
14.0,0.0003757237390540799,57.663990059939394,60.27958845037038,48.17037582397461,47.872283935546875,48.27760696411133,46.93124771118164,51.80668640136719,51.840702056884766,48.59327697753906,46.29521179199219,83.27665710449219,83.11302947998047,84.43798828125,86.43895721435547,69.07060241699219,66.7852783203125,60.414363861083984,55.54405212402344,91.07257080078125,93.14080047607422,89.99176025390625,89.18993377685547,74.90074157714844,71.51251220703125,67.46891021728516,61.699668884277344,62.029869079589844,59.94092559814453,55.47510528564453,56.703731536865234,87.88573455810547,86.17601013183594,79.76260375976562,81.05729675292969,51.33720397949219,54.67277526855469,55.82618713378906,52.938209533691406,82.30209350585938,81.31117248535156,81.64071655273438,82.69776153564453,100.17707061767578,98.44320678710938,95.55325317382812,94.1504898071289,74.69801330566406,73.65499877929688,70.86039733886719,69.5634536743164,54.95802688598633,52.974510192871094,58.67184066772461,61.05046844482422,81.85018157958984,85.08439636230469,71.04146575927734,69.88745880126953,70.73207092285156,69.86740112304688,67.43556213378906,65.087890625
15.0,0.0003757237390540799,57.54888202597126,57.87261840221929,42.472843170166016,43.197078704833984,45.8861198425293,45.68660354614258,44.57936096191406,45.45362091064453,45.22021484375,44.80683517456055,85.169189453125,85.15303039550781,86.52880859375,88.52601623535156,66.08794403076172,64.59751892089844,59.941734313964844,55.794193267822266,85.0720443725586,87.98819732666016,86.69766998291016,86.66815185546875,68.171630859375,65.51133728027344,62.528785705566406,58.15470886230469,58.87288284301758,58.44472885131836,56.02854919433594,57.919288635253906,88.70362854003906,87.203125,82.35575103759766,84.11410522460938,50.420738220214844,54.130470275878906,56.060237884521484,53.658626556396484,81.32011413574219,80.9769058227539,82.55671691894531,84.35020446777344,96.36494445800781,95.87109375,94.2844009399414,92.44544982910156,75.54637145996094,75.77149200439453,74.21676635742188,72.89884185791016,54.75322341918945,53.1861686706543,61.1025390625,63.723045349121094,74.09439086914062,78.48638916015625,66.83425903320312,66.23678588867188,67.62237548828125,67.99617004394531,66.42926025390625,63.790836334228516
16.0,0.00036069478949191667,57.40603306449528,58.82468376480231,49.95344161987305,50.726898193359375,54.30057144165039,54.571998596191406,48.08241271972656,49.16315841674805,49.345767974853516,48.56683349609375,87.67518615722656,88.0010757446289,90.24160766601562,92.27667236328125,68.56556701660156,67.93093872070312,63.462852478027344,60.133888244628906,87.22117614746094,90.13841247558594,89.83470153808594,89.79158782958984,72.46055603027344,69.93655395507812,67.85655212402344,63.67829132080078,59.54464340209961,58.934532165527344,56.719581604003906,58.610530853271484,86.58262634277344,85.16595458984375,80.83966827392578,82.53691864013672,49.01148223876953,52.65083694458008,55.134979248046875,52.1447639465332,83.26042938232422,82.22453308105469,82.63017272949219,84.36821746826172,94.08352661132812,92.7793960571289,92.11875915527344,91.01762390136719,78.67549896240234,78.70658111572266,76.522216796875,75.16212463378906,57.484519958496094,56.341766357421875,64.15118408203125,66.56796264648438,81.01168823242188,84.29965209960938,72.14893341064453,71.57766723632812,72.49171447753906,72.2216796875,69.51560974121094,66.45068359375
17.0,0.00036069478949191667,57.27822534734111,59.16899399957737,41.97154235839844,42.622528076171875,44.390533447265625,43.28528594970703,44.2898063659668,45.28324890136719,45.30732727050781,44.36418151855469,78.43901062011719,78.5987777709961,80.26651000976562,82.84257507324219,61.44484329223633,60.31405258178711,56.50971603393555,53.194908142089844,83.63233184814453,86.86119842529297,86.68434143066406,86.77775573730469,68.7418212890625,66.75895690917969,64.73365783691406,60.04372024536133,57.135902404785156,56.56114959716797,53.632720947265625,55.413082122802734,91.9547119140625,90.09233093261719,84.9887466430664,86.2630386352539,46.22087860107422,50.00171661376953,52.9158935546875,51.227935791015625,80.7992172241211,79.79426574707031,81.37197875976562,83.49259948730469,95.51132202148438,94.80827331542969,93.82878112792969,93.10741424560547,71.02490234375,71.2811050415039,70.73068237304688,70.03304290771484,52.744354248046875,51.32697677612305,60.456153869628906,62.912715911865234,74.88063049316406,79.81340026855469,68.56204223632812,68.05282592773438,71.07221221923828,72.56195068359375,72.38970184326172,69.7923812866211
18.0,0.00034626699791224,57.1292127303275,58.849561805618244,40.689815521240234,41.94367218017578,45.12913513183594,45.57343673706055,40.17180633544922,40.44366455078125,43.010562896728516,44.173072814941406,85.19168090820312,85.04471588134766,85.84458923339844,87.89590454101562,60.20780944824219,59.70287322998047,56.857425689697266,54.3764533996582,81.31483459472656,84.1993408203125,84.4411392211914,83.83453369140625,67.46024322509766,64.96127319335938,63.48957061767578,59.98468780517578,59.55608367919922,59.12168884277344,56.080902099609375,58.536720275878906,89.197265625,87.51116943359375,82.89997100830078,84.03511810302734,44.377262115478516,47.655086517333984,50.439720153808594,47.76380157470703,81.71284484863281,80.57304382324219,80.05265045166016,80.94523620605469,95.82572937011719,94.20747375488281,93.5728530883789,92.68389892578125,71.57978820800781,71.7247085571289,70.20056915283203,68.99465942382812,54.99958801269531,55.20416259765625,65.3083267211914,68.42904663085938,75.9871826171875,78.59071350097656,68.7066879272461,69.33761596679688,69.51435852050781,69.93070983886719,68.73077392578125,65.46829223632812
19.0,0.00034626699791224,56.99607304283897,58.1439192550189,46.07601547241211,47.126930236816406,49.658714294433594,50.27983856201172,45.17655563354492,45.318214416503906,44.15338134765625,43.860595703125,77.60543060302734,77.54682922363281,78.31742095947266,80.57173156738281,66.14904022216797,64.40095520019531,58.582557678222656,55.17496109008789,85.75032043457031,87.96345520019531,87.44436645507812,87.09000396728516,70.1111068725586,66.5103759765625,64.9020004272461,62.8681526184082,58.207252502441406,57.79880142211914,54.930667877197266,57.28791809082031,87.10576629638672,85.09983825683594,80.5179672241211,81.7396240234375,43.95073699951172,48.937889099121094,51.676944732666016,48.597923278808594,80.05921936035156,79.7259292602539,80.58406066894531,81.9400634765625,97.1675796508789,95.53440856933594,93.22386169433594,91.98081970214844,73.30332946777344,73.42407989501953,72.12297058105469,71.22051239013672,52.63041305541992,52.606380462646484,62.84203338623047,65.97003936767578,73.98500061035156,78.5404281616211,70.92583465576172,72.17025756835938,69.13533020019531,69.69752502441406,69.27725982666016,66.50616455078125
20.0,0.0003324163179957504,56.98085961870695,57.97605702162457,43.86206817626953,45.014259338378906,48.033424377441406,48.38998031616211,43.49275207519531,44.244998931884766,45.95865249633789,47.11668395996094,81.64045715332031,81.6463623046875,82.45975494384766,85.04206848144531,64.98260498046875,64.2096176147461,60.72042465209961,58.17853927612305,85.9587631225586,89.06036376953125,88.61102294921875,88.51656341552734,65.4881820678711,63.223411560058594,61.16394805908203,58.40281677246094,59.357933044433594,59.25206756591797,57.03326416015625,59.41775894165039,88.85238647460938,86.79061889648438,81.30827331542969,82.31550598144531,47.39959716796875,51.670806884765625,54.26179885864258,51.96969985961914,80.47224426269531,79.46807098388672,79.59078979492188,80.90383911132812,100.03312683105469,98.98350524902344,97.07951354980469,96.35467529296875,70.6364517211914,71.0085220336914,70.3951187133789,69.9358901977539,54.55328369140625,54.44377136230469,63.870140075683594,66.57391357421875,74.73869323730469,79.44998168945312,71.45928192138672,72.49212646484375,70.96526336669922,70.78369140625,69.39183044433594,66.60626983642578
21.0,0.0003324163179957504,56.87898228145434,57.94024238906989,43.44084930419922,44.022789001464844,46.60881805419922,46.62706756591797,40.318519592285156,40.910728454589844,41.77136993408203,41.900115966796875,78.18466186523438,77.71857452392578,78.48336791992188,81.25148010253906,59.56156539916992,59.00300979614258,55.86717987060547,52.65262985229492,83.800048828125,86.86245727539062,86.83648681640625,86.94727325439453,63.73756790161133,61.13444519042969,60.49083709716797,56.1985969543457,55.9881591796875,55.37432861328125,52.33985137939453,54.91373062133789,83.83616638183594,82.00839233398438,79.80677795410156,81.50265502929688,46.77285385131836,50.65496063232422,53.36402893066406,51.276451110839844,78.00384521484375,78.22101593017578,79.86226654052734,81.43875122070312,97.26959991455078,96.64762115478516,95.31355285644531,94.57539367675781,70.90846252441406,71.17922973632812,70.5901107788086,70.04478454589844,51.07280349731445,49.94792556762695,57.923641204833984,60.5306510925293,74.9735107421875,80.04405212402344,71.40902709960938,72.0194091796875,67.27481079101562,68.01942443847656,68.387451171875,66.07270812988281
22.0,0.0003191196652759203,56.7819717804457,58.38108963953013,42.781585693359375,42.68278503417969,43.28795623779297,42.23662567138672,48.41981506347656,48.56678771972656,46.413414001464844,45.49271011352539,78.97801208496094,78.78693389892578,79.99823760986328,82.48353576660156,68.212646484375,66.03286743164062,60.38071060180664,56.65707015991211,95.19136047363281,97.98540496826172,95.54949951171875,95.33134460449219,69.43639373779297,66.0627212524414,62.9517822265625,59.32113265991211,57.16374206542969,56.69597625732422,54.45780944824219,57.04692840576172,85.35924530029297,83.44895935058594,78.29904174804688,79.7060546875,49.65952682495117,54.011451721191406,54.428932189941406,51.07869338989258,80.41190338134766,79.38716888427734,79.752685546875,81.22039031982422,98.03805541992188,96.82501983642578,94.95425415039062,93.89622497558594,70.29144287109375,70.37259674072266,69.01126098632812,68.21837615966797,50.815513610839844,49.29365921020508,58.567100524902344,61.90171813964844,71.40896606445312,75.53874969482422,64.44084167480469,64.89852905273438,65.63560485839844,66.01539611816406,66.00642395019531,63.17188262939453
23.0,0.0003191196652759203,56.67162692058767,60.00950523825253,50.06525421142578,51.048065185546875,54.04412078857422,53.7241325378418,50.472076416015625,51.68401336669922,51.535770416259766,50.921749114990234,82.94644165039062,83.15045166015625,85.42256927490234,87.61788940429688,71.48583984375,70.23228454589844,65.41007995605469,62.64764404296875,91.65885162353516,95.32196044921875,94.38534545898438,94.25640106201172,71.70608520507812,68.83294677734375,65.78219604492188,60.62562561035156,61.42328643798828,61.36656188964844,59.09492492675781,60.60100555419922,88.59820556640625,87.21826171875,81.44070434570312,82.52996826171875,51.47003936767578,56.229801177978516,58.553375244140625,56.16632843017578,83.6448745727539,82.60173034667969,83.76820373535156,85.69056701660156,100.1363525390625,99.14688110351562,97.84901428222656,96.99620819091797,75.59510803222656,76.18487548828125,74.70455169677734,73.33808898925781,56.8779182434082,54.978660583496094,61.05957794189453,63.165550231933594,79.64287567138672,85.40957641601562,75.11370849609375,75.16813659667969,67.39524841308594,67.72648620605469,65.97418975830078,63.95881271362305
24.0,0.0003063548786648835,56.6469056000998,58.61079195166836,45.9718132019043,46.443138122558594,48.757904052734375,48.28118896484375,43.51460266113281,44.07278060913086,44.74099349975586,45.46088409423828,81.37078094482422,81.39994049072266,82.94389343261719,85.39886474609375,67.6112289428711,65.7507095336914,59.258399963378906,55.4207649230957,89.77710723876953,92.6053466796875,90.58381652832031,90.34001159667969,70.99076843261719,67.47246551513672,65.12818908691406,61.47450256347656,59.58690643310547,59.050453186035156,55.96581268310547,58.096275329589844,85.31103515625,83.79973602294922,81.71749877929688,83.31959533691406,49.6816291809082,53.19496154785156,55.397029876708984,53.245304107666016,82.74859619140625,81.75015258789062,81.83969116210938,83.1460189819336,92.63612365722656,91.0623550415039,90.83961486816406,89.83082580566406,74.45761108398438,74.62353515625,72.95230865478516,71.87596130371094,56.12715148925781,54.93939208984375,64.18793487548828,67.27391052246094,77.0245132446289,80.13331604003906,68.83438110351562,69.27497863769531,70.3449935913086,70.7481918334961,69.273681640625,66.34007263183594
25.0,0.0003063548786648835,56.548474689878596,58.990467330120524,45.32288360595703,46.775482177734375,49.83720779418945,49.22161865234375,43.65262985229492,43.9332160949707,43.684417724609375,43.02722930908203,77.04278564453125,77.2969970703125,79.19712829589844,81.32437896728516,66.326171875,65.35432434082031,61.14555740356445,58.04563903808594,85.59330749511719,88.96430969238281,89.16035461425781,88.87759399414062,67.57233428955078,64.15043640136719,62.21018600463867,59.140872955322266,55.56050491333008,54.77037048339844,51.77434539794922,53.49674987792969,88.73863220214844,86.76022338867188,81.81864929199219,83.30924224853516,46.418609619140625,50.86407470703125,53.42262649536133,51.01795959472656,82.28935241699219,81.93181610107422,82.60127258300781,83.78404235839844,103.7147445678711,102.65760803222656,99.67340087890625,97.96339416503906,72.6438217163086,72.55398559570312,70.63978576660156,69.58411407470703,54.7642936706543,52.91661834716797,61.431549072265625,64.68402099609375,77.11377716064453,82.04791259765625,70.09226989746094,69.58648681640625,70.40459442138672,70.952880859375,69.17098999023438,66.17894744873047
26.0,0.00029410068351828813,56.54448681393106,58.39491833384965,42.03663635253906,42.5965461730957,45.120521545410156,45.54344177246094,38.95753860473633,39.565521240234375,40.92086410522461,41.79322814941406,75.04107666015625,74.78044891357422,75.6042251586914,78.24979400634766,66.23280334472656,65.90562438964844,61.35993194580078,57.37922668457031,84.87081146240234,88.00437927246094,87.26449584960938,87.06293487548828,65.3747787475586,62.736473083496094,60.79656219482422,57.408485412597656,56.48371124267578,55.949989318847656,53.13431930541992,55.66749572753906,84.8763656616211,83.19488525390625,79.88961791992188,80.97872924804688,46.21345520019531,50.04730987548828,52.57074737548828,50.082557678222656,78.00090026855469,77.8536148071289,79.22469329833984,80.66349792480469,97.5898666381836,96.66732788085938,95.96302795410156,95.31291198730469,75.3600845336914,75.90399932861328,74.14154815673828,72.9577407836914,53.31293487548828,52.92841339111328,61.75012969970703,64.43224334716797,72.46101379394531,76.30760192871094,67.48230743408203,68.24071502685547,68.40403747558594,69.23482513427734,69.38512420654297,66.49752807617188
27.0,0.00029410068351828813,56.40706541768815,60.32395557221912,50.542945861816406,50.586753845214844,50.67700958251953,49.64950180053711,45.40841293334961,46.23506164550781,44.28838348388672,43.02191925048828,75.91526794433594,75.60151672363281,76.41983795166016,78.515625,61.16069030761719,59.595741271972656,53.827064514160156,49.330352783203125,92.6048812866211,95.79047393798828,94.2823486328125,93.97502136230469,74.20024871826172,71.36768341064453,68.52706909179688,63.44068908691406,58.55003356933594,57.826236724853516,55.22339630126953,57.7356071472168,86.48876953125,84.43017578125,81.35227966308594,83.3233871459961,49.53681182861328,53.649993896484375,55.525550842285156,52.398414611816406,81.75140380859375,81.66485595703125,82.31461334228516,83.48999786376953,100.92243957519531,99.55955505371094,97.3050765991211,95.81527709960938,76.57307434082031,76.50772857666016,74.3494873046875,73.0706787109375,50.57447814941406,48.652366638183594,56.39324951171875,59.38893508911133,76.88467407226562,81.50520324707031,70.76970672607422,70.77544403076172,69.12024688720703,69.07194519042969,67.83383178710938,64.88328552246094
28.0,0.0002823366561775566,56.33249786940516,59.44924257850113,49.34896469116211,49.4501953125,50.30905532836914,50.14567565917969,45.182411193847656,45.38961410522461,45.06414031982422,45.936763763427734,79.20059204101562,79.40650939941406,80.37652587890625,82.58486938476562,66.40480041503906,65.23285675048828,60.09774398803711,56.12882614135742,86.40052032470703,89.62252807617188,89.48851013183594,89.39317321777344,69.18247985839844,66.2910385131836,64.43417358398438,61.11626434326172,59.71576690673828,59.1572380065918,56.70502471923828,59.25815963745117,86.3402099609375,84.44224548339844,81.52287292480469,83.01445007324219,47.88060760498047,51.19384002685547,53.24361801147461,51.32041931152344,81.53082275390625,80.81272888183594,82.14205932617188,84.09140014648438,100.66880798339844,99.89386749267578,97.65442657470703,96.3739013671875,76.28196716308594,76.69881439208984,74.6965103149414,73.4146499633789,53.3441162109375,52.129173278808594,61.26234817504883,63.966068267822266,76.54684448242188,80.55215454101562,69.79910278320312,70.12222290039062,66.8924560546875,66.97364807128906,65.45345306396484,62.38024139404297
29.0,0.0002823366561775566,56.25968082685762,58.66543151684502,42.983428955078125,44.57324981689453,46.926944732666016,47.33711624145508,39.2843132019043,39.563968658447266,40.64863967895508,41.487403869628906,77.79070281982422,77.64256286621094,78.31793212890625,80.60847473144531,62.59443664550781,61.698699951171875,57.934478759765625,55.15958023071289,83.40606689453125,86.67489624023438,86.92635345458984,86.97721862792969,66.2360610961914,63.99186706542969,62.081199645996094,59.43766784667969,56.52471160888672,55.83203887939453,53.609825134277344,56.53815841674805,87.83712005615234,85.70901489257812,82.03461456298828,83.77149963378906,45.63397216796875,50.18449783325195,53.336814880371094,51.042518615722656,81.04114532470703,80.87669372558594,81.8941650390625,83.17961883544922,99.01191711425781,98.19620513916016,96.8863525390625,95.83023071289062,73.27435302734375,73.22705841064453,71.30337524414062,70.4323959350586,52.118614196777344,51.24913024902344,59.9605712890625,63.062705993652344,73.63937377929688,79.0259017944336,71.4606704711914,71.92925262451172,65.53968811035156,66.83309173583984,67.46759796142578,64.92317199707031
30.0,0.0002710431899304543,56.23492584959122,59.03872823635069,48.28221130371094,48.949188232421875,50.86746597290039,50.81920623779297,47.31761932373047,47.41981506347656,46.687278747558594,46.89663314819336,76.68907165527344,76.67898559570312,78.64280700683594,80.99198913574219,71.41934967041016,68.6054458618164,62.697715759277344,59.749229431152344,90.67620849609375,93.36604309082031,91.92160034179688,92.0156478881836,68.92123413085938,65.21683502197266,62.30388641357422,58.87664031982422,58.095237731933594,57.04299545288086,55.25711441040039,58.50115966796875,85.91089630126953,83.8564682006836,78.42971801757812,79.65129089355469,47.29405212402344,51.08534622192383,53.739871978759766,51.26041793823242,82.83097076416016,82.20750427246094,82.6617202758789,83.91148376464844,100.75303649902344,99.28903198242188,97.134765625,95.64028930664062,75.9499282836914,75.81494140625,74.1008529663086,72.95365142822266,55.696044921875,54.25984191894531,64.0682601928711,67.56153106689453,77.45464324951172,81.66278839111328,71.3655014038086,72.423828125,68.4632797241211,69.25790405273438,68.06666564941406,64.6172103881836
